{"count":1,"self":3392.3942399999996,"total":8213.1604094,"children":{"InitializeActuators":{"count":20,"self":0.0022015999999999997,"total":0.0022015999999999997,"children":null},"InitializeSensors":{"count":20,"self":0.0020016,"total":0.0020016,"children":null},"AgentSendState":{"count":2500651,"self":146.9265536,"total":204.1194047,"children":{"CollectObservations":{"count":5001320,"self":8.9650728,"total":8.9650726,"children":null},"WriteActionMask":{"count":5001320,"self":2.3108611999999997,"total":2.3108613,"children":null},"RequestDecision":{"count":5001320,"self":8.4288256,"total":45.916914,"children":{"AgentInfo.ToProto":{"count":5001320,"self":7.4663831999999992,"total":37.4880883,"children":{"GenerateSensorData":{"count":5001320,"self":23.820263999999998,"total":30.021704999999997,"children":{"RayPerceptionSensor.Perceive":{"count":5001320,"self":6.2014416,"total":6.2014416,"children":null}}}}}}}}},"DecideAction":{"count":2500651,"self":4593.3592576,"total":4593.3593163,"children":null},"AgentAct":{"count":2500651,"self":23.1751808,"total":23.282317,"children":{"AgentInfo.ToProto":{"count":10000,"self":0.0200107,"total":0.1071361,"children":{"GenerateSensorData":{"count":10000,"self":0.0713202,"total":0.087125399999999992,"children":{"RayPerceptionSensor.Perceive":{"count":10000,"self":0.0158052,"total":0.0158052,"children":null}}}}}}}},"gauges":{"CarController.CumulativeReward":{"count":10000,"max":162,"min":-1993.60681,"runningAverage":-101.724335,"value":-295.7998,"weightedAverage":-283.6982}},"metadata":{"timer_format_version":"0.1.0","start_time_seconds":"1713834342","unity_version":"2022.3.14f1","command_line_arguments":"V:\\Program Files\\Unity 2022.3.14f1\\Editor\\Unity.exe -projectpath V:\\CandidatureM2\\projects\\unity-mlagents\\unity\\CarTrackAgent -useHub -hubIPC -cloudEnvironment production -licensingIpc LicenseClient-najib -hubSessionId 967040ee-413c-4421-a4b4-58357a46c0ad -accessToken Vz4pf9ZzQzatO8qydIFp-qxzwW-ULDtL5fMtaMZhPfE001f","communication_protocol_version":"1.5.0","com.unity.ml-agents_version":"2.0.1","scene_name":"SampleScene","end_time_seconds":"1713842556"}}