{"count":1,"self":147.2733312,"total":155.295951,"children":{"InitializeActuators":{"count":20,"self":0.0010041,"total":0.0010041,"children":null},"InitializeSensors":{"count":20,"self":0.0020006,"total":0.0020006,"children":null},"AgentSendState":{"count":59317,"self":3.0057164,"total":3.373931,"children":{"CollectObservations":{"count":118640,"self":0.20917929999999998,"total":0.20917929999999998,"children":null},"WriteActionMask":{"count":118640,"self":0.055126299999999996,"total":0.055126299999999996,"children":null},"RequestDecision":{"count":118640,"self":0.10390909999999999,"total":0.10390909999999999,"children":null}}},"DecideAction":{"count":59317,"self":3.9704607999999997,"total":4.199199,"children":{"RayPerceptionSensor.Perceive":{"count":118640,"self":0.22873839999999998,"total":0.22873839999999998,"children":null}}},"AgentAct":{"count":59317,"self":0.44648859999999996,"total":0.44648859999999996,"children":null}},"gauges":{"CarController.CumulativeReward":{"count":220,"max":83.40025,"min":-2994.763,"runningAverage":-437.102631,"value":0,"weightedAverage":-125.864838}},"metadata":{"timer_format_version":"0.1.0","start_time_seconds":"1713828794","unity_version":"2022.3.14f1","command_line_arguments":"V:\\Program Files\\Unity 2022.3.14f1\\Editor\\Unity.exe -projectpath V:\\CandidatureM2\\projects\\unity-mlagents\\unity\\CarTrackAgent -useHub -hubIPC -cloudEnvironment production -licensingIpc LicenseClient-najib -hubSessionId 967040ee-413c-4421-a4b4-58357a46c0ad -accessToken T1JGW7cMXk5_d1N0pMICIarIPmJwSQoRkLjlItKa14k001f","communication_protocol_version":"1.5.0","com.unity.ml-agents_version":"2.0.1","scene_name":"SampleScene","end_time_seconds":"1713828949"}}