{
    "name": "root",
    "gauges": {
        "CarController.Policy.Entropy.mean": {
            "value": 0.6403083205223083,
            "min": 0.39991995692253113,
            "max": 2.0796492099761963,
            "count": 50
        },
        "CarController.Policy.Entropy.sum": {
            "value": 64030.83203125,
            "min": 39991.99609375,
            "max": 207964.921875,
            "count": 50
        },
        "CarController.Step.mean": {
            "value": 4999948.0,
            "min": 99948.0,
            "max": 4999948.0,
            "count": 50
        },
        "CarController.Step.sum": {
            "value": 4999948.0,
            "min": 99948.0,
            "max": 4999948.0,
            "count": 50
        },
        "CarController.Policy.ExtrinsicValueEstimate.mean": {
            "value": -20.59231948852539,
            "min": -30.352479934692383,
            "max": 24.358497619628906,
            "count": 50
        },
        "CarController.Policy.ExtrinsicValueEstimate.sum": {
            "value": -32947.7109375,
            "min": -48563.96875,
            "max": 38973.59765625,
            "count": 50
        },
        "CarController.Policy.GailValueEstimate.mean": {
            "value": 12.247527122497559,
            "min": 12.247527122497559,
            "max": 70.0680160522461,
            "count": 50
        },
        "CarController.Policy.GailValueEstimate.sum": {
            "value": 19596.04296875,
            "min": 19596.04296875,
            "max": 112108.8203125,
            "count": 50
        },
        "CarController.Environment.EpisodeLength.mean": {
            "value": 499.0,
            "min": 499.0,
            "max": 499.0,
            "count": 50
        },
        "CarController.Environment.EpisodeLength.sum": {
            "value": 99800.0,
            "min": 99800.0,
            "max": 99800.0,
            "count": 50
        },
        "CarController.Environment.CumulativeReward.mean": {
            "value": -125.84301357008516,
            "min": -155.04001903146505,
            "max": 111.43499931395054,
            "count": 50
        },
        "CarController.Environment.CumulativeReward.sum": {
            "value": -25168.602714017034,
            "min": -31008.00380629301,
            "max": 22286.999862790108,
            "count": 50
        },
        "CarController.Policy.ExtrinsicReward.mean": {
            "value": -125.84301357008516,
            "min": -155.04001903146505,
            "max": 111.43499931395054,
            "count": 50
        },
        "CarController.Policy.ExtrinsicReward.sum": {
            "value": -25168.602714017034,
            "min": -31008.00380629301,
            "max": 22286.999862790108,
            "count": 50
        },
        "CarController.Policy.GailReward.mean": {
            "value": 133.98305199376426,
            "min": 131.33718853786374,
            "max": 343.2836895465851,
            "count": 50
        },
        "CarController.Policy.GailReward.sum": {
            "value": 26796.610398752855,
            "min": 26267.43770757275,
            "max": 68656.73790931702,
            "count": 50
        },
        "CarController.Losses.PolicyLoss.mean": {
            "value": 0.05008192253412729,
            "min": 0.04641284634930072,
            "max": 0.05238711971135427,
            "count": 50
        },
        "CarController.Losses.PolicyLoss.sum": {
            "value": 0.45073730280714563,
            "min": 0.38222156924422346,
            "max": 0.47148407740218845,
            "count": 50
        },
        "CarController.Losses.ValueLoss.mean": {
            "value": 242.1033784223979,
            "min": 11.899137262748802,
            "max": 284.5528155855468,
            "count": 50
        },
        "CarController.Losses.ValueLoss.sum": {
            "value": 2178.930405801581,
            "min": 107.09223536473921,
            "max": 2560.975340269921,
            "count": 50
        },
        "CarController.Policy.LearningRate.mean": {
            "value": 2.9936990021333334e-06,
            "min": 2.9936990021333334e-06,
            "max": 0.00029695620101459995,
            "count": 50
        },
        "CarController.Policy.LearningRate.sum": {
            "value": 2.69432910192e-05,
            "min": 2.69432910192e-05,
            "max": 0.0026209728263424,
            "count": 50
        },
        "CarController.Policy.Epsilon.mean": {
            "value": 0.10099786666666669,
            "min": 0.10099786666666669,
            "max": 0.1989854,
            "count": 50
        },
        "CarController.Policy.Epsilon.sum": {
            "value": 0.9089808000000001,
            "min": 0.8880832000000001,
            "max": 1.7736576000000002,
            "count": 50
        },
        "CarController.Policy.Beta.mean": {
            "value": 1.4889546666666666e-05,
            "min": 1.4889546666666666e-05,
            "max": 0.0004950284599999999,
            "count": 50
        },
        "CarController.Policy.Beta.sum": {
            "value": 0.00013400591999999998,
            "min": 0.00013400591999999998,
            "max": 0.00437092224,
            "count": 50
        },
        "CarController.Policy.GAILPolicyEstimate.mean": {
            "value": 0.12411508299690374,
            "min": 0.1235065086633953,
            "max": 0.48545128099836776,
            "count": 50
        },
        "CarController.Policy.GAILPolicyEstimate.sum": {
            "value": 1.1170357469721337,
            "min": 1.095009534248926,
            "max": 4.36906152898531,
            "count": 50
        },
        "CarController.Policy.GAILExpertEstimate.mean": {
            "value": 0.8747448830858542,
            "min": 0.5156693225763678,
            "max": 0.8747448830858542,
            "count": 50
        },
        "CarController.Policy.GAILExpertEstimate.sum": {
            "value": 7.8727039477726874,
            "min": 4.164652717211156,
            "max": 7.8727039477726874,
            "count": 50
        },
        "CarController.Losses.GAILLoss.mean": {
            "value": 0.3994490496642732,
            "min": 0.3982155690817482,
            "max": 1.3458666890595907,
            "count": 50
        },
        "CarController.Losses.GAILLoss.sum": {
            "value": 3.595041446978459,
            "min": 3.4899340514159274,
            "max": 12.112800201536317,
            "count": 50
        },
        "CarController.Policy.GAILGradMagLoss.mean": {
            "value": 0.008201201454027444,
            "min": 0.0028938195452367327,
            "max": 0.5847170311038581,
            "count": 50
        },
        "CarController.Policy.GAILGradMagLoss.sum": {
            "value": 0.073810813086247,
            "min": 0.026044375907130594,
            "max": 4.677736248830865,
            "count": 50
        },
        "CarController.Losses.PretrainingLoss.mean": {
            "value": 0.251413694134465,
            "min": 0.24307714071538714,
            "max": 1.025253139436245,
            "count": 50
        },
        "CarController.Losses.PretrainingLoss.sum": {
            "value": 2.262723247210185,
            "min": 2.0050432582696276,
            "max": 9.011143684387207,
            "count": 50
        },
        "CarController.IsTraining.mean": {
            "value": 1.0,
            "min": 1.0,
            "max": 1.0,
            "count": 50
        },
        "CarController.IsTraining.sum": {
            "value": 1.0,
            "min": 1.0,
            "max": 1.0,
            "count": 50
        }
    },
    "metadata": {
        "timer_format_version": "0.1.0",
        "start_time_seconds": "1713858406",
        "python_version": "3.9.13 (main, Oct 13 2022, 21:23:06) [MSC v.1916 64 bit (AMD64)]",
        "command_line_arguments": "V:\\outils_dev\\envs\\mlagents\\Scripts\\mlagents-learn config_custom/car_imitation.yaml --run-id=imitation_car_test_19",