{
    "name": "root",
    "gauges": {
        "PushBlock.Policy.Entropy.mean": {
            "value": 0.24469931423664093,
            "min": 0.24469931423664093,
            "max": 1.869242787361145,
            "count": 33
        },
        "PushBlock.Policy.Entropy.sum": {
            "value": 14666.2978515625,
            "min": 14666.2978515625,
            "max": 113410.6953125,
            "count": 33
        },
        "PushBlock.Environment.EpisodeLength.mean": {
            "value": 20.32979113228289,
            "min": 19.4958071278826,
            "max": 684.1090909090909,
            "count": 33
        },
        "PushBlock.Environment.EpisodeLength.sum": {
            "value": 55480.0,
            "min": 37626.0,
            "max": 67991.0,
            "count": 33
        },
        "PushBlock.Step.mean": {
            "value": 1979994.0,
            "min": 59953.0,
            "max": 1979994.0,
            "count": 33
        },
        "PushBlock.Step.sum": {
            "value": 1979994.0,
            "min": 59953.0,
            "max": 1979994.0,
            "count": 33
        },
        "PushBlock.Policy.ExtrinsicValueEstimate.mean": {
            "value": 4.329829692840576,
            "min": 0.19647060334682465,
            "max": 4.442122459411621,
            "count": 33
        },
        "PushBlock.Policy.ExtrinsicValueEstimate.sum": {
            "value": 12435.2705078125,
            "min": 188.80824279785156,
            "max": 13329.6845703125,
            "count": 33
        },
        "PushBlock.Environment.CumulativeReward.mean": {
            "value": 4.968078902851928,
            "min": 1.6787891051308674,
            "max": 4.976398934195616,
            "count": 33
        },
        "PushBlock.Environment.CumulativeReward.sum": {
            "value": 13557.887325882912,
            "min": 92.33340078219771,
            "max": 14545.793333295733,
            "count": 33
        },
        "PushBlock.Policy.ExtrinsicReward.mean": {
            "value": 4.968078902851928,
            "min": 1.6787891051308674,
            "max": 4.976398934195616,
            "count": 33
        },
        "PushBlock.Policy.ExtrinsicReward.sum": {
            "value": 13557.887325882912,
            "min": 92.33340078219771,
            "max": 14545.793333295733,
            "count": 33
        },
        "PushBlock.Losses.PolicyLoss.mean": {
            "value": 0.06949457791921597,
            "min": 0.06613661156533736,
            "max": 0.07233583376791465,
            "count": 33
        },
        "PushBlock.Losses.PolicyLoss.sum": {
            "value": 2.0153427596572633,
            "min": 1.8064597470808095,
            "max": 2.097739179269525,
            "count": 33
        },
        "PushBlock.Losses.ValueLoss.mean": {
            "value": 0.0893397377295441,
            "min": 0.062321166486490054,
            "max": 0.33151979093878137,
            "count": 33
        },
        "PushBlock.Losses.ValueLoss.sum": {
            "value": 2.5908523941567787,
            "min": 1.8073138281082115,
            "max": 9.282554146285879,
            "count": 33
        },
        "PushBlock.Policy.LearningRate.mean": {
            "value": 7.652750897391379e-06,
            "min": 7.652750897391379e-06,
            "max": 0.000295135405621532,
            "count": 33
        },
        "PushBlock.Policy.LearningRate.sum": {
            "value": 0.00022192977602434997,
            "min": 0.00022192977602434997,
            "max": 0.008306101481299549,
            "count": 33
        },
        "PushBlock.Policy.Epsilon.mean": {
            "value": 0.10255088448275863,
            "min": 0.10255088448275863,
            "max": 0.198378468,
            "count": 33
        },
        "PushBlock.Policy.Epsilon.sum": {
            "value": 2.9739756500000003,
            "min": 2.9739756500000003,
            "max": 5.66870045,
            "count": 33
        },
        "PushBlock.Policy.Beta.mean": {
            "value": 0.00026483335982758626,
            "min": 0.00026483335982758626,
            "max": 0.0098380089532,
            "count": 33
        },
        "PushBlock.Policy.Beta.sum": {
            "value": 0.007680167435000001,
            "min": 0.007680167435000001,
            "max": 0.27688317495500003,
            "count": 33
        },
        "PushBlock.IsTraining.mean": {
            "value": 1.0,
            "min": 1.0,
            "max": 1.0,
            "count": 33
        },
        "PushBlock.IsTraining.sum": {
            "value": 1.0,
            "min": 1.0,
            "max": 1.0,
            "count": 33
        }
    },
    "metadata": {
        "timer_format_version": "0.1.0",
        "start_time_seconds": "1713560224",
        "python_version": "3.9.13 (main, Oct 13 2022, 21:23:06) [MSC v.1916 64 bit (AMD64)]",
        "command_line_arguments": "V:\\outils_dev\\envs\\mlagents\\Scripts\\mlagents-learn ml-agents/config/ppo/PushBlock.yaml --run-id=push_block_test_04",
        "mlagents_version": "0.30.0",
        "mlagents_envs_version": "0.30.0",
        "communication_protocol_version": "1.5.0",
        "pytorch_version": "2.2.2+cu118",
        "numpy_version": "1.21.2",
        "end_time_seconds": "1713562196"
    },
    "total": 1971.9981977999998,
    "count": 1,
    "self": 0.01812489999997524,
    "children": {
        "run_training.setup": {
            "total": 0.1315968999999999,
            "count": 1,
            "self": 0.1315968999999999
        },
        "TrainerController.start_learning": {
            "total": 1971.848476,
            "count": 1,
            "self": 2.1553132000194637,
            "children": {
                "TrainerController._reset_env": {
                    "total": 10.3950129,
                    "count": 1,
                    "self": 10.3950129
                },
                "TrainerController.advance": {
                    "total": 1959.2218325999804,
                    "count": 103369,
                    "self": 1.8374777999845264,
                    "children": {
                        "env_step": {
                            "total": 892.1488657000212,
                            "count": 103369,
                            "self": 712.1461087000015,
                            "children": {
                                "SubprocessEnvManager._take_step": {
                                    "total": 178.73444270001633,
                                    "count": 103369,
                                    "self": 4.291166600018357,
                                    "children": {
                                        "TorchPolicy.evaluate": {
                                            "total": 174.44327609999797,
                                            "count": 62514,
                                            "self": 174.44327609999797
                                        }
                                    }
                                },
                                "workers": {
                                    "total": 1.2683143000034427,
                                    "count": 103369,
                                    "self": 0.0,
                                    "children": {
                                        "worker_root": {
                                            "total": 1960.2610074999923,
                                            "count": 103369,
                                            "is_parallel": true,
                                            "self": 1382.9711454999965,
                                            "children": {
                                                "steps_from_proto": {
                                                    "total": 0.0037271000000007604,
                                                    "count": 1,
                                                    "is_parallel": true,